<?xml version="1.1" encoding="UTF-8"?>
<expression:EMFExpression xmi:version="2.0" xmlns:xmi="http://www.omg.org/XMI" xmlns:expression="http:///expression.ecore" id="tMap_1=>" expression="TalendDate.parseDate(&quot;dd/MM/yyyy&quot;,routines.TalendDate.formateDate(&quot;dd/MM/yyyy&quot;,routines.TalendDate.parseDate(&quot;dd/MM/yyyy&quot;, row2.Order_Date)))">
  <variables name="row2.Region" value="null" talendType="id_String" nullable="true"/>
  <variables name="row2.Country" value="null" talendType="id_String" nullable="true"/>
  <variables name="row2.Item_Type" value="null" talendType="id_String" nullable="true"/>
  <variables name="row2.Sales_Channel" value="null" talendType="id_String" nullable="true"/>
  <variables name="row2.Order_Priority" value="null" talendType="id_Character" nullable="true"/>
  <variables name="row2.Order_Date" value="null" talendType="id_String" nullable="true"/>
  <variables name="row2.Order_ID" value="null" talendType="id_Integer" nullable="true"/>
  <variables name="row2.Ship_Date" value="null" talendType="id_String" nullable="true"/>
  <variables name="row2.Units_Sold" value="null" talendType="id_Integer" nullable="true"/>
  <variables name="row2.Unit_Price" value="null" talendType="id_Float" nullable="true"/>
  <variables name="row2.Unit_Cost" value="null" talendType="id_Float" nullable="true"/>
</expression:EMFExpression>
